title;booklet_number;associated;stock;alt_field
Accogli, Signore, i nostri doni;50;Accogli, Signore, i nostri doni;0;
Acqua siamo noi;73;Acqua siamo noi;13;
Adesso è la pienezza;1;Adesso è la pienezza;3;
Adeste fideles;;Adeste fideles;0;
Agnello di Dio (Buttazzo, Dargenio);;Agnello di Dio (Buttazzo, Dargenio);0;
Agnello di Dio (De Dominicis);;Agnello di Dio (De Dominicis);0;
Agnello di Dio (Giorgi);;Agnello di Dio (Giorgi);0;
Agnello di Dio (Picchi);;Agnello di Dio (Picchi);0;
Alleluia (celtic);;Alleluia (celtic);0;
Alleluia a colui che risuscitò;;Alleluia a colui che risuscitò;0;
Alleluia, canto per Cristo;95;"Alleluia, canto per Cristo;Alleluia, chi ascolta;Alleluia, passeranno i cieli";2;
Alleluia, chi ascolta;95;"Alleluia, chi ascolta;Alleluia, canto per Cristo;Alleluia, passeranno i cieli";2;
Alleluia, ed oggi ancora;96;"Alleluia, ed oggi ancora;Alleluia, la nostra festa;Alleluia, rendete grazie";2;
Alleluia, la nostra festa;96;"Alleluia, la nostra festa;Alleluia, ed oggi ancora;Alleluia, rendete grazie";2;
Alleluia, la Tua parola;97;"Alleluia, la Tua parola;Alleluia, Signore sei venuto 2";3;
Alleluia, lode cosmica;;Alleluia, lode cosmica;0;
Alleluia, ora Lui vive;28;Alleluia, ora Lui vive;0;
Alleluia, passeranno i cieli;95;"Alleluia, passeranno i cieli;Alleluia, chi ascolta;Alleluia, canto per Cristo";2;
Alleluia, questa tua parola;3;Alleluia, questa tua parola;0;
Alleluia, rendete grazie;96;"Alleluia, rendete grazie;Alleluia, ed oggi ancora;Alleluia, la nostra festa";2;
Alleluia, Signore sei venuto;72;Alleluia, Signore sei venuto;2;
Alleluia, Signore sei venuto 2;97;"Alleluia, Signore sei venuto 2;Alleluia, la Tua parola";3;
Altissimo;4;Altissimo;0;
Alzati e risplendi;68;Alzati e risplendi;3;
Andate per le strade;74;"Andate per le strade;Dolce sentire";13;
Anima Christi;;Anima Christi;0;
Anima di Cristo;100;Anima di Cristo;3;
Antica eterna danza;;Antica eterna danza;0;
Astro del ciel;48;Astro del ciel;0;
Ave Maria, gratia plena;99;"Ave Maria, gratia plena;Ecco l'acqua";3;
Ave Maria, ora pro nobis;41;Ave Maria, ora pro nobis;0;
Beati voi;25;Beati voi;7;
Benedici, o Signore;47;Benedici, o Signore;0;
Benedirò il Signore;51;Benedirò il Signore;0;
Camminerò;52;Camminerò;4;
Camminiamo sulla strada;22;Camminiamo sulla strada;2;
Cantiamo Te;53;Cantiamo Te;0;
Cantico dei redenti;34;Cantico dei redenti;0;
Che gioia ci hai dato;75;Che gioia ci hai dato;13;
Come fuoco vivo;5;Come fuoco vivo;0;
Come Maria;84;Come Maria;13;
Come ti ama Dio;13;Come ti ama Dio;2;
Con gioia veniamo a Te;6;Con gioia veniamo a Te;0;
Cristo vive in mezzo a noi;35;Cristo vive in mezzo a noi;0;
Cristo è risorto veramente;7;Cristo è risorto veramente;0;
Dolce sentire;74;"Dolce sentire;Andate per le strade";13;
E la strada si apre;9;E la strada si apre;0;
E sono solo un uomo;54;E sono solo un uomo;0;
Ecco il nostro sì;11;Ecco il nostro sì;0;
Ecco l'acqua;99;"Ecco l'acqua;Ave Maria, gratia plena";3;
Ecco quel che abbiamo;55;Ecco quel che abbiamo;6;
Frutto della nostra terra;78;Frutto della nostra terra;11;
Giovane donna;27;Giovane donna;5;
Gloria (Buttazzo);101;Gloria (Buttazzo);7;
Gloria (Giombini);12;Gloria (Giombini);0;
Gloria (Giombini);102;Gloria (Giombini);7;
Gloria (Mariano);103;Gloria (Mariano);7;
Grandi cose;56;Grandi cose;0;
Il pane del cammino;79;Il pane del cammino;11;
Incontro a Te;29;Incontro a Te;0;
Innalziamo lo sguardo;39;Innalziamo lo sguardo;0;
Invochiamo la Tua presenza;67;Invochiamo la Tua presenza;3;
Isaia 11;42;Isaia 11;0;
La preghiera di Gesù e la nostra;57;La preghiera di Gesù e la nostra;0;
Lode e gloria;15;Lode e gloria;0;
Madonna di Czestochowa;80;Madonna di Czestochowa;11;
Maranathà, vieni Signor;43;Maranathà, vieni Signor;0;
Mi indicherai;14;Mi indicherai;0;
Musica di festa;81;Musica di festa;12;
Nel tuo silenzio;16;Nel tuo silenzio;0;
Noi saremo il pane;36;Noi saremo il pane;0;
Noi veniamo a Te;46;Noi veniamo a Te;0;
Ogni mia parola;58;Ogni mia parola;0;
Pace sia, pace a voi;77;Pace sia, pace a voi;11;
Pane del cielo;59;Pane del cielo;3;
Pane di vita nuova;82;Pane di vita nuova;11;
Perché Tu sei con me;83;Perché Tu sei con me;11;
Popoli tutti acclamate;17;Popoli tutti acclamate;0;
Quale gioia;30;Quale gioia;0;
Rallegriamoci;38;Rallegriamoci;0;
Re di gloria;32;Re di gloria;0;
Resta accanto a me;37;Resta accanto a me;0;
Resta qui con noi;60;Resta qui con noi;0;
Rimani tra noi;31;Rimani tra noi;0;
Risuscitò;85;"Risuscitò;Salve Regina";6;
Salve Regina;85;"Salve Regina;Risuscitò";6;
San Francesco;86;San Francesco;6;
Santa Maria del Cammino;87;Santa Maria del Cammino;6;
Santo (Buttazzo);18;"Santo (Buttazzo);Santo (Gen)";0;
Santo (Gen);18;"Santo (Gen);Santo (Spoladore)";0;
Santo (Spoladore);19;Santo (Spoladore);0;
Santo (Zaire);98;"Santo (Zaire);Santo sei Tu";3;
Santo sei Tu;98;"Santo sei Tu;Santo (Zaire)";3;
Se m'accogli;2;Se m'accogli;24;
Segni del tuo amore;20;Segni del tuo amore;0;
Sei venuto dal cielo;21;Sei venuto dal cielo;0;
Servire è regnare;88;Servire è regnare;6;
Servo per amore;61;Servo per amore;0;
Signore Gesù, venuto a perdonare;40;"Signore Gesù, venuto a perdonare;Ti lodiamo e t'adoriamo";6;
Sono qui a lodarti;89;Sono qui a lodarti;4;
Spirito di Dio;33;Spirito di Dio;0;
Su ali d'acquila;90;Su ali d'acquila;4;
Sulla tua parola;62;Sulla tua parola;0;
Te al centro del mio cuore;63;Te al centro del mio cuore;0;
Testimoni dell'amore;64;Testimoni dell'amore;0;
Ti darò un cuore nuovo;23;Ti darò un cuore nuovo;0;
Ti lodiamo e t'adoriamo;40;"Ti lodiamo e t'adoriamo;Signore Gesù, venuto a perdonare";6;
Ti offriamo Signore;91;Ti offriamo Signore;4;
Ti ringrazio mio Signore;65;Ti ringrazio mio Signore;0;
Tu scendi dalle stelle;44;Tu scendi dalle stelle;0;
Tu sei la mia vita;92;Tu sei la mia vita;4;
Tutta la terra attende;69;Tutta la terra attende;3;
Venite fedeli;45;Venite fedeli;0;
Verbum panis;93;Verbum panis;4;
Vi lascio la pace;24;Vi lascio la pace;0;
Vieni, Santo Spirito di Dio;26;Vieni, Santo Spirito di Dio;0;
Vivere la vita;94;Vivere la vita;4;
Vocazione;66;Vocazione;0;
È bello lodarti;8;È bello lodarti;0;
È un giorno di festa;76;È un giorno di festa;13;
